id,Clip Name,Category,Needs,Feelings,Label
0,0001.mp4,"dialog,","peace,",,
1,0002.mp4,"reaction,",,"sad,",
2,0003.mp4,"dialog,reaction,","play,physicalWellbeing,",,
3,0004.mp4,"action,",,,"WAITING,"
4,0005.mp4,"action,",,,"dance,"
5,0006.mp4,"action,",,,"dance,"
6,0007.mp4,"action,",,,"WAITING,"
7,0008.mp4,"reaction,dialog,",,"angry,annoyed,","question,"
8,0009.mp4,"reaction,",,"sad,vulnerable,pain,",
9,0010.mp4,"reaction,dialog,",,"peaceful,",
10,0012.mp4,"action,","play,physicalWellbeing,",,
11,0013.mp4,"reaction,",,"afraid,disquiet,",
12,0014.mp4,"action,",,,"WAITING,"
13,0016.mp4,"reaction,dialog,",,"aversion,annoyed,",
14,0017.mp4,"dialog,reaction,","connection,","tense,",
15,0018.mp4,"dialog,","connection,","annoyed,","question,"
16,0019.mp4,"dialog,","meaning,",,"question,"
17,0020.mp4,"dialog,","connection,meaning,",,
18,0021.mp4,"dialog,","connection,","affectionate,joyful,","question,"
19,0022.mp4,"reaction,dialog,",,"grateful,embarassed,vulnerable,",
20,0023.mp4,"action,",,,"WALKING,"
21,0024.mp4,"dialog,",,"confident,inspired,tense,",
22,0025.mp4,"action,",,,"FIGHTING,"
23,0026.mp4,"action,",,,"FIGHTING,"
24,0027.mp4,"action,",,,"FIGHTING,"
25,0028.mp4,"action,",,,"FIGHTING,"
26,0029.mp4,"reaction,",,"confident,excited,exhilarated,",
27,0030.mp4,"reaction,",,"confident,inspired,",
28,0031.mp4,"reaction,",,"confident,inspired,",
29,0032.mp4,"reaction,",,"confident,exhilarated,",
30,0033.mp4,"reaction,dialog,",,"confused,angry,annoyed,","question,"
31,0034.mp4,"reaction,",,"confused,angry,",
32,0035.mp4,"reaction,",,"confused,angry,",
33,0036.mp4,"action,","connection,",,"greeting,"
34,0037.mp4,"reaction,",,"aversion,angry,disquiet,",
35,0038.mp4,"action,","play,autonomy,",,"dance,"
36,0039.mp4,"reaction,","play,autonomy,meaning,","aversion,",
37,0040.mp4,"reaction,",,"afraid,confused,",
38,0041.mp4,"reaction,","connection,","confident,joyful,",
39,0042.mp4,"reaction,",,"confused,annoyed,",
40,0043.mp4,"dialog,",,"confused,joyful,","question,"
41,0044.mp4,"reaction,",,"confused,annoyed,",
42,0045.mp4,"reaction,","honesty,peace,play,","confident,inspired,joyful,",
43,0046.mp4,"action,",,,"WAITING,"
44,0047.mp4,"action,",,,"WAITING,"
45,0048.mp4,"action,","play,",,"dance,"
46,0049.mp4,"action,","play,",,"dance,"
47,0050.mp4,"reaction,",,"aversion,",
48,0051.mp4,"reaction,action,",,"afraid,excited,","WAITING,"
49,0052.mp4,"reaction,",,"aversion,embarassed,",
50,0053.mp4,"reaction,",,"inspired,disconnected,",
51,0054.mp4,"action,","play,",,"dance,"
52,0055.mp4,"action,","play,",,"dance,"
53,0056.mp4,"dialog,","connection,meaning,","vulnerable,",
54,0057.mp4,"reaction,",,"grateful,vulnerable,",
55,0058.mp4,,,,
56,0059.mp4,,,,
57,0060.mp4,,,,
58,0061.mp4,,,,
59,0062.mp4,,,,
60,0063.mp4,,,,
61,0064.mp4,,,,
62,0065.mp4,,,,
63,0066.mp4,,,,
64,0067.mp4,,,,
65,0068.mp4,,,,
66,0069.mp4,,,,
67,0070.mp4,,,,
68,0071.mp4,,,,
69,0072.mp4,,,,
70,0073.mp4,,,,
71,0074.mp4,,,,
72,0075.mp4,,,,
73,0076.mp4,,,,
74,0077.mp4,,,,
75,0100.mp4,"dialog,action,",,,"greeting,"
76,0101.mp4,"dialog,",,"confused,","question,"
77,0102.mp4,,,,
78,0103.mp4,,,,
79,0104.mp4,,,,
80,0105.mp4,,,,
81,0106.mp4,,,,
82,0107.mp4,,,,
83,0108.mp4,,,,
84,0109.mp4,,,,
85,0110.mp4,,,,
86,0111.mp4,,,,
87,0112.mp4,,,,
88,0113.mp4,,,,
89,0114.mp4,,,,
90,0115.mp4,,,,
91,0200.mp4,,,,
92,0201.mp4,,,,
93,0202.mp4,,,,
94,0203.mp4,,,,
95,0204.mp4,,,,
96,0205.mp4,,,,
97,0206.mp4,,,,
98,0207.mp4,,,,
99,0208.mp4,,,,
100,0209.mp4,,,,
101,0210.mp4,,,,
102,0211.mp4,,,,
103,0212.mp4,,,,
104,0213.mp4,,,,
105,0214.mp4,,,,
106,0215.mp4,,,,
107,0216.mp4,,,,
108,0217.mp4,,,,
109,0218.mp4,,,,
110,0219.mp4,,,,
111,0220.mp4,,,,
112,0221.mp4,,,,
113,0222.mp4,,,,
114,0223.mp4,,,,
115,0224.mp4,,,,
116,0225.mp4,,,,
117,0226.mp4,,,,
118,0227.mp4,,,,
119,0228.mp4,,,,
120,0229.mp4,,,,
121,0230.mp4,,,,
122,0231.mp4,,,,
123,0232.mp4,,,,
124,0233.mp4,,,,
125,0234.mp4,,,,
126,0235.mp4,,,,
127,0236.mp4,,,,
128,0237.mp4,,,,
129,0238.mp4,,,,
130,0239.mp4,,,,
131,0240.mp4,,,,
132,0241.mp4,,,,
133,0242.mp4,,,,
134,0243.mp4,,,,
135,0244.mp4,,,,
136,0245.mp4,,,,
137,0246.mp4,,,,
138,0247.mp4,,,,
139,0248.mp4,,,,
140,0249.mp4,,,,
141,0250.mp4,,,,
142,0251.mp4,,,,
143,0252.mp4,,,,
144,0253.mp4,,,,
145,0254.mp4,,,,
146,0255.mp4,,,,
147,0256.mp4,,,,
148,0257.mp4,,,,
149,0258.mp4,,,,
150,0259.mp4,,,,
151,0260.mp4,,,,
152,0261.mp4,,,,
153,0262.mp4,,,,
154,0263.mp4,,,,
155,0264.mp4,,,,
156,0265.mp4,,,,
157,0266.mp4,,,,
158,0267.mp4,,,,
159,0268.mp4,,,,
160,0269.mp4,,,,
161,0270.mp4,,,,
162,0271.mp4,,,,
163,0272.mp4,,,,
164,0273.mp4,,,,
165,0274.mp4,,,,
166,0275.mp4,,,,
167,0276.mp4,,,,
168,0277.mp4,,,,
169,0278.mp4,,,,
170,0279.mp4,,,,
171,0280.mp4,,,,
172,0281.mp4,,,,
173,0282.mp4,,,,
174,0283.mp4,,,,
175,0284.mp4,,,,
176,0285.mp4,,,,
177,0286.mp4,,,,
178,0287.mp4,,,,
179,0288.mp4,,,,
180,0289.mp4,,,,
181,0290.mp4,,,,
182,0291.mp4,,,,
183,0292.mp4,,,,
184,0293.mp4,,,,
185,0294.mp4,,,,
186,0295.mp4,,,,
187,0296.mp4,,,,
188,0297.mp4,,,,
189,0298.mp4,,,,
190,0299.mp4,,,,
191,0301.mp4,,,,
192,0302.mp4,,,,
193,0303.mp4,,,,
194,0304.mp4,,,,
195,0305.mp4,"dialog,","play,",,
196,0306.mp4,,,,
197,0307.mp4,,,,
198,0308.mp4,,,,
199,0309.mp4,,,,
200,0310.mp4,,,,
201,0311.mp4,,,,
202,0312.mp4,,,,
203,0313.mp4,,,,
204,0314.mp4,,,,
205,0315.mp4,,,,
206,0316.mp4,,,,
207,0317.mp4,,,,
208,0318.mp4,,,,
209,0319.mp4,,,,
210,0320.mp4,,,,
211,0321.mp4,,,,
212,0322.mp4,,,,
213,0323.mp4,,,,
214,0324.mp4,,,,
215,0325.mp4,,,,
216,0326.mp4,,,,
217,0327.mp4,,,,
218,0328.mp4,,,,
219,0329.mp4,,,,
220,0330.mp4,,,,
221,0331.mp4,,,,
222,0332.mp4,,,,
223,0333.mp4,,,,
224,0334.mp4,,,,
225,0335.mp4,,,,
226,0336.mp4,,,,
227,0337.mp4,,,,
228,0338.mp4,,,,
229,0339.mp4,,,,
230,0340.mp4,,,,
231,0341.mp4,,,,
232,0342.mp4,,,,
233,0343.mp4,,,,
234,0344.mp4,,,,
235,0345.mp4,,,,
236,0346.mp4,,,,
237,0347.mp4,,,,
238,0348.mp4,,,,
239,0349.mp4,,,,
240,0350.mp4,,,,
241,0351.mp4,,,,
242,0352.mp4,,,,
243,0353.mp4,,,,
244,0354.mp4,,,,
245,0355.mp4,,,,
246,0356.mp4,,,,
247,0357.mp4,,,,
248,0358.mp4,,,,
249,0359.mp4,,,,
250,0360.mp4,,,,
251,0361.mp4,,,,
252,0362.mp4,,,,
253,0363.mp4,,,,
254,0364.mp4,,,,
255,0365.mp4,,,,
256,0366.mp4,,,,
257,0367.mp4,,,,
258,0368.mp4,,,,
259,0369.mp4,,,,
260,0370.mp4,,,,
261,0371.mp4,,,,
262,0372.mp4,,,,
263,0373.mp4,,,,
264,0374.mp4,,,,
265,0375.mp4,,,,
266,0376.mp4,,,,
267,0377.mp4,,,,
268,0380.mp4,,,,
269,0381.mp4,,,,
270,0382.mp4,,,,
271,0383.mp4,,,,
272,0384.mp4,,,,
273,0385.mp4,,,,
274,0386.mp4,,,,
275,0387.mp4,,,,
276,0388.mp4,,,,
277,0389.mp4,,,,
278,0390.mp4,,,,
279,0391.mp4,,,,
280,0392.mp4,,,,
281,0393.mp4,,,,
282,0394.mp4,"dialog,",,"engaged,grateful,affectionate,",
283,0395.mp4,"reaction,",,"inspired,affectionate,refreshed,",
284,0396.mp4,"dialog,reaction,","play,connection,",,"question,"
285,0397.mp4,"dialog,action,",,,"greeting,"
286,0398.mp4,"dialog,",,,
287,0399.mp4,"dialog,","play,connection,","disconnected,",
288,0001.mp4,"dialog,","peace,",,
289,0002.mp4,"reaction,",,"sad,",
290,0003.mp4,"dialog,reaction,","play,physicalWellbeing,",,
291,0004.mp4,"action,",,,"WAITING,"
292,0005.mp4,"action,",,,"dance,"
293,0006.mp4,"action,",,,"dance,"
294,0007.mp4,"action,",,,"WAITING,"
295,0008.mp4,"reaction,dialog,",,"angry,annoyed,","question,"
296,0009.mp4,"reaction,",,"sad,vulnerable,pain,",
297,0010.mp4,"reaction,dialog,",,"peaceful,",
298,0012.mp4,"action,","play,physicalWellbeing,",,
299,0013.mp4,"reaction,",,"afraid,disquiet,",
300,0014.mp4,"action,",,,"WAITING,"
301,0016.mp4,"reaction,dialog,",,"aversion,annoyed,",
302,0017.mp4,"dialog,reaction,","connection,","tense,",
303,0018.mp4,"dialog,","connection,","annoyed,","question,"
304,0019.mp4,"dialog,","meaning,",,"question,"
305,0020.mp4,"dialog,","connection,meaning,",,
306,0021.mp4,"dialog,","connection,","affectionate,joyful,","question,"
307,0022.mp4,"reaction,dialog,",,"grateful,embarassed,vulnerable,","reject,"
308,0023.mp4,"action,",,,"WALKING,"
309,0024.mp4,"dialog,",,"confident,inspired,tense,",
310,0025.mp4,"action,",,,"FIGHTING,"
311,0026.mp4,"action,",,,"FIGHTING,"
312,0027.mp4,"action,",,,"FIGHTING,"
313,0028.mp4,"action,",,,"FIGHTING,"
314,0029.mp4,"reaction,",,"confident,excited,exhilarated,",
315,0030.mp4,"reaction,",,"confident,inspired,",
316,0031.mp4,"reaction,",,"confident,inspired,",
317,0032.mp4,"reaction,",,"confident,exhilarated,",
318,0033.mp4,"reaction,dialog,",,"confused,angry,annoyed,","question,"
319,0034.mp4,"reaction,",,"confused,angry,",
320,0035.mp4,"reaction,",,"confused,angry,",
321,0036.mp4,"action,","connection,",,"greeting,"
322,0037.mp4,"reaction,",,"aversion,angry,disquiet,",
323,0038.mp4,"action,","play,autonomy,",,"dance,"
324,0039.mp4,"reaction,","play,autonomy,meaning,","aversion,",
325,0040.mp4,"reaction,",,"afraid,confused,",
326,0041.mp4,"reaction,","connection,","confident,joyful,",
327,0042.mp4,"reaction,",,"confused,annoyed,",
328,0043.mp4,"dialog,",,"confused,joyful,","question,"
329,0044.mp4,"reaction,",,"confused,annoyed,",
330,0045.mp4,"reaction,","honesty,peace,play,","confident,inspired,joyful,",
331,0046.mp4,"action,",,,"WAITING,"
332,0047.mp4,"action,",,,"WAITING,"
333,0048.mp4,"action,","play,",,"dance,"
334,0049.mp4,"action,","play,",,"dance,"
335,0050.mp4,"reaction,",,"aversion,",
336,0051.mp4,"reaction,action,",,"afraid,excited,","WAITING,"
337,0052.mp4,"reaction,",,"aversion,embarassed,",
338,0053.mp4,"reaction,",,"inspired,disconnected,",
339,0054.mp4,"action,","play,",,"dance,"
340,0055.mp4,"action,","play,",,"dance,"
341,0056.mp4,"dialog,","connection,meaning,","vulnerable,",
342,0057.mp4,"reaction,",,"grateful,vulnerable,",
343,0058.mp4,"reaction,","connection,","joyful,exhilarated,","hug,"
344,0059.mp4,,"connection,","joyful,exhilarated,","hug,"
345,0060.mp4,"dialog,",,"affectionate,","greeting,"
346,0061.mp4,"dialog,","honesty,","tense,",
347,0062.mp4,"dialog,","meaning,",,"question,"
348,0063.mp4,"dialog,","connection,",,"greeting,"
349,0064.mp4,"dialog,","connection,honesty,","disconnected,angry,disquiet,confused,","question,farewell,"
350,0065.mp4,"dialog,","play,","joyful,",
351,0066.mp4,"dialog,","connection,","annoyed,","question,greeting,"
352,0067.mp4,"dialog,","honesty,","confused,","question,"
353,0068.mp4,"reaction,","connection,","confident,joyful,",
354,0069.mp4,"dialog,","honesty,","annoyed,disquiet,","question,"
355,0070.mp4,"action,",,"disconnected,joyful,","clap,"
356,0071.mp4,"dialog,reaction,",,,"reject,"
357,0072.mp4,"action,","physicalWellbeing,",,"run,"
358,0073.mp4,"reaction,","meaning,physicalWellbeing,","annoyed,fatigue,aversion,",
359,0074.mp4,"reaction,action,","peace,physicalWellbeing,","disconnected,aversion,annoyed,","WAITING,"
360,0075.mp4,"action,","physicalWellbeing,","aversion,fatigue,disconnected,","run,defeat,"
361,0076.mp4,"action,","play,physicalWellbeing,","annoyed,fatigue,hopeful,","defeat,dance,"
362,0077.mp4,"action,","physicalWellbeing,","refreshed,","run,"
363,0100.mp4,"dialog,action,",,,"greeting,"
364,0101.mp4,"dialog,",,"confused,","question,"
365,0102.mp4,"dialog,reaction,",,"annoyed,confident,","reject,"
366,0103.mp4,"dialog,","honesty,peace,","confident,",
367,0104.mp4,"dialog,reaction,","honesty,","disquiet,","surprise,"
368,0105.mp4,"reaction,",,,"accept,"
369,0106.mp4,"dialog,",,"confident,vulnerable,",
370,0107.mp4,"dialog,reaction,",,,"farewell,"
371,0108.mp4,"dialog,","peace,play,","hopeful,fatigue,","accept,"
372,0109.mp4,"dialog,reaction,",,,"accept,"
373,0110.mp4,,"connection,play,","affectionate,confident,",
374,0111.mp4,"dialog,","connection,","hopeful,","accept,"
375,0112.mp4,"dialog,","play,","excited,joyful,",
376,0113.mp4,"dialog,","connection,","grateful,",
377,0114.mp4,"dialog,","honesty,","afraid,","question,surprise,"
378,0115.mp4,"dialog,",,"excited,","accept,"
379,0200.mp4,"action,",,,"WALKING,WAITING,"
380,0201.mp4,"dialog,",,,"greeting,question,"
381,0202.mp4,,"connection,",,"greeting,identity,"
382,0203.mp4,"dialog,","connection,meaning,","confident,hopeful,",
383,0204.mp4,"dialog,",,"annoyed,disconnected,","question,"
384,0205.mp4,"dialog,","meaning,","confused,","question,"
385,0206.mp4,"dialog,","meaning,","confused,","question,"
386,0207.mp4,,"meaning,honesty,","confused,","question,"
387,0208.mp4,"dialog,","honesty,","confident,","fact,"
388,0209.mp4,"dialog,","honesty,connection,","angry,annoyed,confused,",
389,0210.mp4,"dialog,reaction,","connection,","disquiet,","reject,"
390,0211.mp4,"dialog,","meaning,honesty,","annoyed,","question,"
391,0212.mp4,"action,dialog,",,,"WAITING,"
392,0213.mp4,"dialog,action,",,,"WAITING,"
393,0214.mp4,"dialog,reaction,","physicalWellbeing,","angry,disquiet,",
394,0215.mp4,"dialog,","autonomy,","joyful,",
395,0216.mp4,"dialog,",,,"identity,"
396,0217.mp4,"dialog,",,"annoyed,","identity,"
397,0218.mp4,"dialog,","honesty,","embarassed,",
398,0219.mp4,"dialog,","meaning,honesty,","angry,confident,",
399,0220.mp4,"dialog,",,,"identity,"
400,0221.mp4,"dialog,","autonomy,","aversion,",
401,0222.mp4,"dialog,","autonomy,meaning,","confident,aversion,","fact,"
402,0223.mp4,"dialog,",,,"greeting,question,"
403,0224.mp4,"dialog,","meaning,connection,","confused,","question,"
404,0225.mp4,"dialog,","meaning,","confused,","question,"
405,0226.mp4,"dialog,","autonomy,meaning,honesty,","confused,",
406,0227.mp4,"dialog,reaction,","play,","sad,","defeat,"
407,0228.mp4,"dialog,","honesty,","disconnected,","fact,"
408,0229.mp4,"dialog,","connection,honesty,","engaged,","question,"
409,0230.mp4,"reaction,dialog,",,"confident,","identity,"
410,0231.mp4,"dialog,","meaning,","disconnected,","accept,"
411,0232.mp4,"dialog,reaction,","autonomy,","disquiet,","reject,"
412,0233.mp4,"dialog,","meaning,","confused,","question,"
413,0234.mp4,"dialog,",,,"identity,"
414,0235.mp4,"dialog,","meaning,","hopeful,",
415,0236.mp4,"dialog,","honesty,","confused,aversion,","reject,"
416,0237.mp4,"dialog,","honesty,autonomy,","confident,disquiet,","fact,"
417,0238.mp4,"dialog,reaction,","connection,","angry,",
418,0239.mp4,,,,
419,0240.mp4,"reaction,",,"confused,",
420,0241.mp4,"action,",,"angry,","FIGHTING,"
421,0242.mp4,"dialog,",,,"identity,greeting,"
422,0243.mp4,"dialog,","connection,meaning,","hopeful,confident,inspired,",
423,0244.mp4,"dialog,","connection,meaning,","hopeful,engaged,","accept,question,"
424,0245.mp4,"dialog,reaction,","connection,","sad,","reject,"
425,0246.mp4,"dialog,",,,"reject,"
426,0247.mp4,"dialog,","autonomy,","confident,","identity,reject,"
427,0248.mp4,"dialog,","physicalWellbeing,","aversion,",
428,0249.mp4,"dialog,reaction,","honesty,","confident,","FIGHTING,provoke,"
429,0250.mp4,"dialog,reaction,action,",,,"provoke,FIGHTING,"
430,0251.mp4,"dialog,","autonomy,","confident,",
431,0252.mp4,"dialog,","peace,","hopeful,engaged,","accept,"
432,0253.mp4,"dialog,","connection,","angry,","farewell,provoke,"
433,0254.mp4,"reaction,",,"angry,",
434,0255.mp4,"dialog,","meaning,","engaged,","question,"
435,0256.mp4,"dialog,","autonomy,","disquiet,tense,",
436,0257.mp4,"dialog,reaction,",,,"reject,"
437,0258.mp4,"dialog,reaction,",,,"accept,"
438,0259.mp4,"dialog,","honesty,","grateful,embarassed,",
439,0260.mp4,"dialog,reaction,","peace,","fatigue,",
440,0261.mp4,"dialog,reaction,","honesty,","confused,","question,"
441,0262.mp4,,,,
442,0263.mp4,,,,
443,0264.mp4,,,,
444,0265.mp4,,,,
445,0266.mp4,,,,
446,0267.mp4,,,,
447,0268.mp4,,,,
448,0269.mp4,,,,
449,0270.mp4,,,,
450,0271.mp4,,,,
451,0272.mp4,,,,
452,0273.mp4,,,,
453,0274.mp4,,,,
454,0275.mp4,,,,
455,0276.mp4,,,,
456,0277.mp4,,,,
457,0278.mp4,,,,
458,0279.mp4,,,,
459,0280.mp4,,,,
460,0281.mp4,,,,
461,0282.mp4,,,,
462,0283.mp4,,,,
463,0284.mp4,,,,
464,0285.mp4,,,,
465,0286.mp4,,,,
466,0287.mp4,"action,",,,"WAITING,"
467,0288.mp4,"action,",,,"WAITING,"
468,0289.mp4,"action,dialog,",,,"greeting,"
469,0290.mp4,,,,
470,0291.mp4,,,,
471,0292.mp4,,,,
472,0293.mp4,,,,
473,0294.mp4,,,,
474,0295.mp4,,,,
475,0296.mp4,,,,
476,0297.mp4,"dialog,",,"confident,vulnerable,","provoke,"
477,0298.mp4,"action,",,,"WAITING,"
478,0299.mp4,,,,
479,0301.mp4,,,,
480,0302.mp4,,,,
481,0303.mp4,,,,
482,0304.mp4,,,,
483,0305.mp4,"dialog,","play,",,
484,0306.mp4,,,,
485,0307.mp4,,,,
486,0308.mp4,,,,
487,0309.mp4,,,,
488,0310.mp4,,,,
489,0311.mp4,,,,
490,0312.mp4,,,,
491,0313.mp4,,,,
492,0314.mp4,,,,
493,0315.mp4,,,,
494,0316.mp4,,,,
495,0317.mp4,,,,
496,0318.mp4,,,,
497,0319.mp4,,,,
498,0320.mp4,,,,
499,0321.mp4,,,,
500,0322.mp4,,,,
501,0323.mp4,,,,
502,0324.mp4,,,,
503,0325.mp4,,,,
504,0326.mp4,,,,
505,0327.mp4,,,,
506,0328.mp4,,,,
507,0329.mp4,,,,
508,0330.mp4,,,,
509,0331.mp4,,,,
510,0332.mp4,,,,
511,0333.mp4,,,,
512,0334.mp4,,,,
513,0335.mp4,,,,
514,0336.mp4,,,,
515,0337.mp4,,,,
516,0338.mp4,,,,
517,0339.mp4,,,,
518,0340.mp4,,,,
519,0341.mp4,,,,
520,0342.mp4,,,,
521,0343.mp4,,,,
522,0344.mp4,,,,
523,0345.mp4,,,,
524,0346.mp4,,,,
525,0347.mp4,,,,
526,0348.mp4,,,,
527,0349.mp4,,,,
528,0350.mp4,,,,
529,0351.mp4,,,,
530,0352.mp4,,,,
531,0353.mp4,,,,
532,0354.mp4,,,,
533,0355.mp4,,,,
534,0356.mp4,,,,
535,0357.mp4,,,,
536,0358.mp4,"dialog,","meaning,connection,","confused,engaged,","question,"
537,0359.mp4,"dialog,","meaning,","engaged,confused,hopeful,","question,"
538,0360.mp4,"dialog,","connection,","engaged,","question,identity,"
539,0361.mp4,,,,
540,0362.mp4,,,,
541,0363.mp4,,,,
542,0364.mp4,"dialog,reaction,","connection,meaning,","grateful,",
543,0365.mp4,,,,
544,0366.mp4,"dialog,","meaning,","confused,",
545,0367.mp4,,,,
546,0368.mp4,,,,
547,0369.mp4,,,,
548,0370.mp4,,,,
549,0371.mp4,,,,
550,0372.mp4,,,,
551,0373.mp4,,,,
552,0374.mp4,,,,
553,0375.mp4,,,,
554,0376.mp4,,,,
555,0377.mp4,,,,
556,0380.mp4,,,,
557,0381.mp4,,,,
558,0382.mp4,,,,
559,0383.mp4,,,,
560,0384.mp4,,,,
561,0385.mp4,,,,
562,0386.mp4,,,,
563,0387.mp4,,,,
564,0388.mp4,,,,
565,0389.mp4,,,,
566,0390.mp4,,,,
567,0391.mp4,,,,
568,0392.mp4,,,,
569,0393.mp4,,,,
570,0394.mp4,"dialog,",,"engaged,grateful,affectionate,",
571,0395.mp4,"reaction,",,"inspired,affectionate,refreshed,",
572,0396.mp4,"dialog,reaction,","play,connection,",,"question,"
573,0397.mp4,"dialog,action,",,,"greeting,"
574,0398.mp4,"dialog,",,,
575,0399.mp4,"dialog,","play,connection,","disconnected,",
